-- phpMyAdmin SQL Dump
-- version 4.2.11
-- http://www.phpmyadmin.net
--
-- Host: 127.0.0.1
-- Generation Time: Sep 03, 2020 at 09:08 AM
-- Server version: 5.6.21
-- PHP Version: 5.6.3

SET SQL_MODE = "NO_AUTO_VALUE_ON_ZERO";
SET time_zone = "+00:00";


/*!40101 SET @OLD_CHARACTER_SET_CLIENT=@@CHARACTER_SET_CLIENT */;
/*!40101 SET @OLD_CHARACTER_SET_RESULTS=@@CHARACTER_SET_RESULTS */;
/*!40101 SET @OLD_COLLATION_CONNECTION=@@COLLATION_CONNECTION */;
/*!40101 SET NAMES utf8 */;

--
-- Database: `pengiriman`
--

-- --------------------------------------------------------

--
-- Table structure for table `pj_akses`
--

CREATE TABLE IF NOT EXISTS `pj_akses` (
`id_akses` tinyint(1) unsigned NOT NULL,
  `label` varchar(10) NOT NULL,
  `level_akses` varchar(15) NOT NULL
) ENGINE=MyISAM AUTO_INCREMENT=5 DEFAULT CHARSET=latin1;

--
-- Dumping data for table `pj_akses`
--

INSERT INTO `pj_akses` (`id_akses`, `label`, `level_akses`) VALUES
(1, 'admin', 'Administrator'),
(2, 'kasir', 'Staff Kasir'),
(3, 'inventory', 'Staff Inventory'),
(4, 'keuangan', 'Staff Keuangan');

-- --------------------------------------------------------

--
-- Table structure for table `pj_barang`
--

CREATE TABLE IF NOT EXISTS `pj_barang` (
`id_barang` int(1) unsigned NOT NULL,
  `kode_barang` varchar(40) NOT NULL,
  `nama_barang` varchar(40) NOT NULL,
  `total_stok` mediumint(1) unsigned NOT NULL,
  `harga` decimal(10,0) NOT NULL,
  `id_kategori_barang` mediumint(1) unsigned NOT NULL,
  `id_merk_barang` mediumint(1) unsigned DEFAULT NULL,
  `keterangan` text NOT NULL,
  `dihapus` enum('tidak','ya') NOT NULL
) ENGINE=MyISAM AUTO_INCREMENT=28 DEFAULT CHARSET=latin1;

--
-- Dumping data for table `pj_barang`
--

INSERT INTO `pj_barang` (`id_barang`, `kode_barang`, `nama_barang`, `total_stok`, `harga`, `id_kategori_barang`, `id_merk_barang`, `keterangan`, `dihapus`) VALUES
(1, '0001', 'SOTO AYAM', 72, '10000', 1, 1, '', 'tidak'),
(2, '0002', 'SOTO PISAH', 32, '13000', 1, 1, '', 'tidak'),
(3, '0003', 'ES TEH', 2, '3000', 2, 1, '', 'tidak'),
(4, '0004', 'ES JERUK', 9, '7000', 2, 1, '', 'tidak'),
(5, '0005', 'SATE AYAM', 57, '4000', 3, 1, '', 'tidak'),
(6, '3453453', 'SATE KERANG', 45, '4000', 3, 6, '', 'ya'),
(7, '9982429', 'SATE TELUR PUYUH', 67, '4000', 3, 3, '', 'ya'),
(21, '01234', 'belut goreng', 20, '5000', 4, 3, '', 'tidak'),
(22, '0008', 'SOTO AYAM', 11, '10000', 1, 2, '', 'ya'),
(23, '0001', 'soto ayam', 11, '10000', 4, NULL, '', 'ya'),
(24, '0008', 'soto ayam', 11, '10000', 4, 2, '', 'ya'),
(25, '0006', 'soto ayam', 11, '11000', 3, 2, '', 'ya'),
(26, '0007', 'paru goreng', 10, '5000', 4, 3, '', 'tidak'),
(27, '0008', 'krupuk bangka', 5, '7000', 4, 5, '', 'tidak');

-- --------------------------------------------------------

--
-- Table structure for table `pj_ci_sessions`
--

CREATE TABLE IF NOT EXISTS `pj_ci_sessions` (
  `id` varchar(40) NOT NULL,
  `ip_address` varchar(45) NOT NULL,
  `timestamp` int(10) unsigned NOT NULL DEFAULT '0',
  `data` blob NOT NULL
) ENGINE=InnoDB DEFAULT CHARSET=latin1;

--
-- Dumping data for table `pj_ci_sessions`
--

INSERT INTO `pj_ci_sessions` (`id`, `ip_address`, `timestamp`, `data`) VALUES
('beeccd9187e8122ada26a452450244c3eb41aea2', '::1', 1564739765, 0x5f5f63695f6c6173745f726567656e65726174657c693a313536343733363633393b61705f69645f757365727c733a313a2231223b61705f70617373776f72647c733a34303a2264303333653232616533343861656235363630666332313430616563333538353063346461393937223b61705f6e616d617c733a31303a2242616e672041646d696e223b61705f6c6576656c7c733a353a2261646d696e223b61705f6c6576656c5f63617074696f6e7c733a31333a2241646d696e6973747261746f72223b),
('816480c72011ab5f419dfe9c77dcea064a363e66', '::1', 1564755325, 0x5f5f63695f6c6173745f726567656e65726174657c693a313536343733393738353b61705f69645f757365727c733a313a2231223b61705f70617373776f72647c733a34303a2264303333653232616533343861656235363630666332313430616563333538353063346461393937223b61705f6e616d617c733a31303a2242616e672041646d696e223b61705f6c6576656c7c733a353a2261646d696e223b61705f6c6576656c5f63617074696f6e7c733a31333a2241646d696e6973747261746f72223b),
('c197900b2ccb2763a387ee34718c4c1aac063317', '::1', 1564755337, 0x5f5f63695f6c6173745f726567656e65726174657c693a313536343735353332353b61705f69645f757365727c733a313a2231223b61705f70617373776f72647c733a34303a2264303333653232616533343861656235363630666332313430616563333538353063346461393937223b61705f6e616d617c733a31303a2242616e672041646d696e223b61705f6c6576656c7c733a353a2261646d696e223b61705f6c6576656c5f63617074696f6e7c733a31333a2241646d696e6973747261746f72223b),
('d33b8e478ba863715ce115840ee8c517c40a907d', '::1', 1564935032, 0x5f5f63695f6c6173745f726567656e65726174657c693a313536343933343830323b61705f69645f757365727c733a313a2231223b61705f70617373776f72647c733a34303a2264303333653232616533343861656235363630666332313430616563333538353063346461393937223b61705f6e616d617c733a31303a2242616e672041646d696e223b61705f6c6576656c7c733a353a2261646d696e223b61705f6c6576656c5f63617074696f6e7c733a31333a2241646d696e6973747261746f72223b),
('74e225c98fd8dfd7a16093f9457e9b5a4495e4a5', '::1', 1564936119, 0x5f5f63695f6c6173745f726567656e65726174657c693a313536343933363035383b61705f69645f757365727c733a313a2231223b61705f70617373776f72647c733a34303a2264303333653232616533343861656235363630666332313430616563333538353063346461393937223b61705f6e616d617c733a31303a2242616e672041646d696e223b61705f6c6576656c7c733a353a2261646d696e223b61705f6c6576656c5f63617074696f6e7c733a31333a2241646d696e6973747261746f72223b),
('bacbb485889343a6726fdd9d7dd22d030c2eb730', '::1', 1564937551, 0x5f5f63695f6c6173745f726567656e65726174657c693a313536343933373335383b61705f69645f757365727c733a313a2232223b61705f70617373776f72647c733a34303a2231353332633966393464356365316530313133613835613337313637396434346530623562616231223b61705f6e616d617c733a373a2243656e74696e69223b61705f6c6576656c7c733a353a226b61736972223b61705f6c6576656c5f63617074696f6e7c733a31313a225374616666204b61736972223b),
('947e236a5359a1a6eff207d1d33c6c791321dbd0', '::1', 1564938045, 0x5f5f63695f6c6173745f726567656e65726174657c693a313536343933373737373b61705f69645f757365727c733a313a2232223b61705f70617373776f72647c733a34303a2231353332633966393464356365316530313133613835613337313637396434346530623562616231223b61705f6e616d617c733a373a2243656e74696e69223b61705f6c6576656c7c733a353a226b61736972223b61705f6c6576656c5f63617074696f6e7c733a31313a225374616666204b61736972223b),
('ea3c3506c1d2899a3443825edf1880350cedfeb6', '::1', 1564938434, 0x5f5f63695f6c6173745f726567656e65726174657c693a313536343933383132393b61705f69645f757365727c733a313a2232223b61705f70617373776f72647c733a34303a2231353332633966393464356365316530313133613835613337313637396434346530623562616231223b61705f6e616d617c733a373a2243656e74696e69223b61705f6c6576656c7c733a353a226b61736972223b61705f6c6576656c5f63617074696f6e7c733a31313a225374616666204b61736972223b),
('a8d4234c05994594d2a525aaa5c4284c2e3fb0b2', '::1', 1564938736, 0x5f5f63695f6c6173745f726567656e65726174657c693a313536343933383433363b61705f69645f757365727c733a313a2232223b61705f70617373776f72647c733a34303a2231353332633966393464356365316530313133613835613337313637396434346530623562616231223b61705f6e616d617c733a373a2243656e74696e69223b61705f6c6576656c7c733a353a226b61736972223b61705f6c6576656c5f63617074696f6e7c733a31313a225374616666204b61736972223b),
('7f9bacb7609371ce8213e5f9316bcf16ed580501', '::1', 1564939020, 0x5f5f63695f6c6173745f726567656e65726174657c693a313536343933383734303b61705f69645f757365727c733a313a2231223b61705f70617373776f72647c733a34303a2264303333653232616533343861656235363630666332313430616563333538353063346461393937223b61705f6e616d617c733a31303a2242616e672041646d696e223b61705f6c6576656c7c733a353a2261646d696e223b61705f6c6576656c5f63617074696f6e7c733a31333a2241646d696e6973747261746f72223b),
('5ff6a227ed25e00784cd75bd7e848d3abd7a878b', '::1', 1564939603, 0x5f5f63695f6c6173745f726567656e65726174657c693a313536343933393430383b61705f69645f757365727c733a313a2231223b61705f70617373776f72647c733a34303a2264303333653232616533343861656235363630666332313430616563333538353063346461393937223b61705f6e616d617c733a31303a2242616e672041646d696e223b61705f6c6576656c7c733a353a2261646d696e223b61705f6c6576656c5f63617074696f6e7c733a31333a2241646d696e6973747261746f72223b),
('9b5bd849115c8d38e760e48a133eba961202b9d4', '::1', 1564939954, 0x5f5f63695f6c6173745f726567656e65726174657c693a313536343933393732353b61705f69645f757365727c733a313a2231223b61705f70617373776f72647c733a34303a2264303333653232616533343861656235363630666332313430616563333538353063346461393937223b61705f6e616d617c733a31303a2242616e672041646d696e223b61705f6c6576656c7c733a353a2261646d696e223b61705f6c6576656c5f63617074696f6e7c733a31333a2241646d696e6973747261746f72223b),
('bbc8c5e4608ed9c9ae53f322b665dcef0718ceb4', '::1', 1564940571, 0x5f5f63695f6c6173745f726567656e65726174657c693a313536343934303338333b61705f69645f757365727c733a313a2231223b61705f70617373776f72647c733a34303a2264303333653232616533343861656235363630666332313430616563333538353063346461393937223b61705f6e616d617c733a31303a2242616e672041646d696e223b61705f6c6576656c7c733a353a2261646d696e223b61705f6c6576656c5f63617074696f6e7c733a31333a2241646d696e6973747261746f72223b),
('1cc15f39ba9644feb5967ffcc7037f8e1479746b', '::1', 1564940996, 0x5f5f63695f6c6173745f726567656e65726174657c693a313536343934303639343b61705f69645f757365727c733a313a2231223b61705f70617373776f72647c733a34303a2264303333653232616533343861656235363630666332313430616563333538353063346461393937223b61705f6e616d617c733a31303a2242616e672041646d696e223b61705f6c6576656c7c733a353a2261646d696e223b61705f6c6576656c5f63617074696f6e7c733a31333a2241646d696e6973747261746f72223b),
('9062ec7471b39554d73c77e47ce9607d33620c96', '::1', 1564941209, 0x5f5f63695f6c6173745f726567656e65726174657c693a313536343934313038393b61705f69645f757365727c733a313a2231223b61705f70617373776f72647c733a34303a2264303333653232616533343861656235363630666332313430616563333538353063346461393937223b61705f6e616d617c733a31303a2242616e672041646d696e223b61705f6c6576656c7c733a353a2261646d696e223b61705f6c6576656c5f63617074696f6e7c733a31333a2241646d696e6973747261746f72223b),
('5010c38b94b0ed65ab543644cfd02411a6931acb', '::1', 1564941904, 0x5f5f63695f6c6173745f726567656e65726174657c693a313536343934313637383b61705f69645f757365727c733a313a2231223b61705f70617373776f72647c733a34303a2264303333653232616533343861656235363630666332313430616563333538353063346461393937223b61705f6e616d617c733a31303a2242616e672041646d696e223b61705f6c6576656c7c733a353a2261646d696e223b61705f6c6576656c5f63617074696f6e7c733a31333a2241646d696e6973747261746f72223b),
('7818faee6dd82a45d1508532905c2216a8ce551f', '::1', 1564942365, 0x5f5f63695f6c6173745f726567656e65726174657c693a313536343934323033343b61705f69645f757365727c733a313a2231223b61705f70617373776f72647c733a34303a2264303333653232616533343861656235363630666332313430616563333538353063346461393937223b61705f6e616d617c733a31303a2242616e672041646d696e223b61705f6c6576656c7c733a353a2261646d696e223b61705f6c6576656c5f63617074696f6e7c733a31333a2241646d696e6973747261746f72223b),
('2b4a35ba27c73cdf40046c7dff9c9717b3eb461c', '::1', 1564942963, 0x5f5f63695f6c6173745f726567656e65726174657c693a313536343934323637323b61705f69645f757365727c733a313a2231223b61705f70617373776f72647c733a34303a2264303333653232616533343861656235363630666332313430616563333538353063346461393937223b61705f6e616d617c733a31303a2242616e672041646d696e223b61705f6c6576656c7c733a353a2261646d696e223b61705f6c6576656c5f63617074696f6e7c733a31333a2241646d696e6973747261746f72223b),
('a47df948e16f1932e334ad19323091f87ad02f64', '::1', 1564943324, 0x5f5f63695f6c6173745f726567656e65726174657c693a313536343934333032393b61705f69645f757365727c733a313a2231223b61705f70617373776f72647c733a34303a2264303333653232616533343861656235363630666332313430616563333538353063346461393937223b61705f6e616d617c733a31303a2242616e672041646d696e223b61705f6c6576656c7c733a353a2261646d696e223b61705f6c6576656c5f63617074696f6e7c733a31333a2241646d696e6973747261746f72223b),
('e5a1cbe0d2d141e2a94a830f30558434b3918e53', '::1', 1564943332, 0x5f5f63695f6c6173745f726567656e65726174657c693a313536343934333333303b61705f69645f757365727c733a313a2231223b61705f70617373776f72647c733a34303a2264303333653232616533343861656235363630666332313430616563333538353063346461393937223b61705f6e616d617c733a31303a2242616e672041646d696e223b61705f6c6576656c7c733a353a2261646d696e223b61705f6c6576656c5f63617074696f6e7c733a31333a2241646d696e6973747261746f72223b),
('8830577ada837efbde5d41eaebd0d6a0a4a689ec', '::1', 1565021027, 0x5f5f63695f6c6173745f726567656e65726174657c693a313536353032303737333b61705f69645f757365727c733a313a2231223b61705f70617373776f72647c733a34303a2264303333653232616533343861656235363630666332313430616563333538353063346461393937223b61705f6e616d617c733a31303a2242616e672041646d696e223b61705f6c6576656c7c733a353a2261646d696e223b61705f6c6576656c5f63617074696f6e7c733a31333a2241646d696e6973747261746f72223b),
('75f7f80fc1661b3b208762824e113ee8b3ec518c', '::1', 1565021388, 0x5f5f63695f6c6173745f726567656e65726174657c693a313536353032313137363b61705f69645f757365727c733a313a2231223b61705f70617373776f72647c733a34303a2264303333653232616533343861656235363630666332313430616563333538353063346461393937223b61705f6e616d617c733a31303a2242616e672041646d696e223b61705f6c6576656c7c733a353a2261646d696e223b61705f6c6576656c5f63617074696f6e7c733a31333a2241646d696e6973747261746f72223b),
('faf873c48c40a59393288f6974f7e656c67d8a78', '::1', 1565022582, 0x5f5f63695f6c6173745f726567656e65726174657c693a313536353032323533313b61705f69645f757365727c733a313a2231223b61705f70617373776f72647c733a34303a2264303333653232616533343861656235363630666332313430616563333538353063346461393937223b61705f6e616d617c733a31303a2242616e672041646d696e223b61705f6c6576656c7c733a353a2261646d696e223b61705f6c6576656c5f63617074696f6e7c733a31333a2241646d696e6973747261746f72223b),
('850b9d803897c51df4b84de3851549462742652d', '::1', 1565054708, 0x5f5f63695f6c6173745f726567656e65726174657c693a313536353035333639333b61705f69645f757365727c733a313a2231223b61705f70617373776f72647c733a34303a2264303333653232616533343861656235363630666332313430616563333538353063346461393937223b61705f6e616d617c733a31303a2242616e672041646d696e223b61705f6c6576656c7c733a353a2261646d696e223b61705f6c6576656c5f63617074696f6e7c733a31333a2241646d696e6973747261746f72223b),
('6df4f359fc92ed9230c890d89e3322bc551b4e92', '::1', 1565054919, 0x5f5f63695f6c6173745f726567656e65726174657c693a313536353035343732303b61705f69645f757365727c733a313a2231223b61705f70617373776f72647c733a34303a2264303333653232616533343861656235363630666332313430616563333538353063346461393937223b61705f6e616d617c733a31303a2242616e672041646d696e223b61705f6c6576656c7c733a353a2261646d696e223b61705f6c6576656c5f63617074696f6e7c733a31333a2241646d696e6973747261746f72223b),
('ad861984e35cf43fcfc52073a99d4665162c7a8f', '::1', 1565055442, 0x5f5f63695f6c6173745f726567656e65726174657c693a313536353035353036313b61705f69645f757365727c733a313a2231223b61705f70617373776f72647c733a34303a2264303333653232616533343861656235363630666332313430616563333538353063346461393937223b61705f6e616d617c733a31303a2242616e672041646d696e223b61705f6c6576656c7c733a353a2261646d696e223b61705f6c6576656c5f63617074696f6e7c733a31333a2241646d696e6973747261746f72223b),
('d377cbd96abf1bc2b0b34230ea0643fba9639fb0', '::1', 1565055778, 0x5f5f63695f6c6173745f726567656e65726174657c693a313536353035353633333b61705f69645f757365727c733a313a2231223b61705f70617373776f72647c733a34303a2264303333653232616533343861656235363630666332313430616563333538353063346461393937223b61705f6e616d617c733a31303a2242616e672041646d696e223b61705f6c6576656c7c733a353a2261646d696e223b61705f6c6576656c5f63617074696f6e7c733a31333a2241646d696e6973747261746f72223b),
('38c2375be6c18b761cbfff3132b704db90f344cf', '::1', 1565056305, 0x5f5f63695f6c6173745f726567656e65726174657c693a313536353035363133333b61705f69645f757365727c733a313a2231223b61705f70617373776f72647c733a34303a2264303333653232616533343861656235363630666332313430616563333538353063346461393937223b61705f6e616d617c733a31303a2242616e672041646d696e223b61705f6c6576656c7c733a353a2261646d696e223b61705f6c6576656c5f63617074696f6e7c733a31333a2241646d696e6973747261746f72223b),
('bc792804c7ea3be334b902d85e01d6e055c75d73', '::1', 1565056588, 0x5f5f63695f6c6173745f726567656e65726174657c693a313536353035363436353b61705f69645f757365727c733a313a2231223b61705f70617373776f72647c733a34303a2264303333653232616533343861656235363630666332313430616563333538353063346461393937223b61705f6e616d617c733a31303a2242616e672041646d696e223b61705f6c6576656c7c733a353a2261646d696e223b61705f6c6576656c5f63617074696f6e7c733a31333a2241646d696e6973747261746f72223b),
('d1cb068609d5736c16bc5f0ce48a97a021c2a939', '::1', 1566825100, 0x5f5f63695f6c6173745f726567656e65726174657c693a313536363832343833373b61705f69645f757365727c733a313a2231223b61705f70617373776f72647c733a34303a2264303333653232616533343861656235363630666332313430616563333538353063346461393937223b61705f6e616d617c733a31303a2242616e672041646d696e223b61705f6c6576656c7c733a353a2261646d696e223b61705f6c6576656c5f63617074696f6e7c733a31333a2241646d696e6973747261746f72223b),
('e12cd14cff4c43555b3abbb10b0571dcdf628eeb', '::1', 1566825394, 0x5f5f63695f6c6173745f726567656e65726174657c693a313536363832353134383b61705f69645f757365727c733a313a2231223b61705f70617373776f72647c733a34303a2264303333653232616533343861656235363630666332313430616563333538353063346461393937223b61705f6e616d617c733a31303a2242616e672041646d696e223b61705f6c6576656c7c733a353a2261646d696e223b61705f6c6576656c5f63617074696f6e7c733a31333a2241646d696e6973747261746f72223b),
('30e6a6aaa5f57a7f2fdcb40a394cf2c411ad48c4', '::1', 1566825913, 0x5f5f63695f6c6173745f726567656e65726174657c693a313536363832353635303b61705f69645f757365727c733a313a2231223b61705f70617373776f72647c733a34303a2264303333653232616533343861656235363630666332313430616563333538353063346461393937223b61705f6e616d617c733a31303a2242616e672041646d696e223b61705f6c6576656c7c733a353a2261646d696e223b61705f6c6576656c5f63617074696f6e7c733a31333a2241646d696e6973747261746f72223b),
('61f534772e0892aa8cdad4d16ce5923d1b01ffc6', '::1', 1566826159, 0x5f5f63695f6c6173745f726567656e65726174657c693a313536363832363135393b61705f69645f757365727c733a313a2231223b61705f70617373776f72647c733a34303a2264303333653232616533343861656235363630666332313430616563333538353063346461393937223b61705f6e616d617c733a31303a2242616e672041646d696e223b61705f6c6576656c7c733a353a2261646d696e223b61705f6c6576656c5f63617074696f6e7c733a31333a2241646d696e6973747261746f72223b),
('145c950d74439b4a9158413d2a585dbf1e8afff3', '::1', 1566827565, 0x5f5f63695f6c6173745f726567656e65726174657c693a313536363832373233313b61705f69645f757365727c733a313a2232223b61705f70617373776f72647c733a34303a2231353332633966393464356365316530313133613835613337313637396434346530623562616231223b61705f6e616d617c733a373a2243656e74696e69223b61705f6c6576656c7c733a353a226b61736972223b61705f6c6576656c5f63617074696f6e7c733a31313a225374616666204b61736972223b),
('f3cae95a54f17c58666355ffd85c84c0de87f183', '::1', 1566827566, 0x5f5f63695f6c6173745f726567656e65726174657c693a313536363832373536363b61705f69645f757365727c733a313a2232223b61705f70617373776f72647c733a34303a2231353332633966393464356365316530313133613835613337313637396434346530623562616231223b61705f6e616d617c733a373a2243656e74696e69223b61705f6c6576656c7c733a353a226b61736972223b61705f6c6576656c5f63617074696f6e7c733a31313a225374616666204b61736972223b),
('2fbd826e68a283a385fdb067ad6ac8fa1d31f0b8', '::1', 1566828001, 0x5f5f63695f6c6173745f726567656e65726174657c693a313536363832373931363b61705f69645f757365727c733a313a2232223b61705f70617373776f72647c733a34303a2231353332633966393464356365316530313133613835613337313637396434346530623562616231223b61705f6e616d617c733a373a2243656e74696e69223b61705f6c6576656c7c733a353a226b61736972223b61705f6c6576656c5f63617074696f6e7c733a31313a225374616666204b61736972223b),
('36b0d16f5714a1c6df491364135ac744367b9d91', '::1', 1566830805, 0x5f5f63695f6c6173745f726567656e65726174657c693a313536363833303636343b61705f69645f757365727c733a313a2231223b61705f70617373776f72647c733a34303a2264303333653232616533343861656235363630666332313430616563333538353063346461393937223b61705f6e616d617c733a31303a2242616e672041646d696e223b61705f6c6576656c7c733a353a2261646d696e223b61705f6c6576656c5f63617074696f6e7c733a31333a2241646d696e6973747261746f72223b),
('21f28fd2a9507cc42b39b15ada2cbda349a99ae4', '::1', 1566834682, 0x5f5f63695f6c6173745f726567656e65726174657c693a313536363833343132323b61705f69645f757365727c733a313a2231223b61705f70617373776f72647c733a34303a2264303333653232616533343861656235363630666332313430616563333538353063346461393937223b61705f6e616d617c733a31303a2242616e672041646d696e223b61705f6c6576656c7c733a353a2261646d696e223b61705f6c6576656c5f63617074696f6e7c733a31333a2241646d696e6973747261746f72223b),
('0dad72b4eb3b2756b4676382d02f9d22d481844f', '::1', 1566834686, 0x5f5f63695f6c6173745f726567656e65726174657c693a313536363833343638343b61705f69645f757365727c733a313a2231223b61705f70617373776f72647c733a34303a2264303333653232616533343861656235363630666332313430616563333538353063346461393937223b61705f6e616d617c733a31303a2242616e672041646d696e223b61705f6c6576656c7c733a353a2261646d696e223b61705f6c6576656c5f63617074696f6e7c733a31333a2241646d696e6973747261746f72223b),
('de16fcb21f764c4947a67d8e66bbf1724b4987f5', '::1', 1566835008, 0x5f5f63695f6c6173745f726567656e65726174657c693a313536363833353030373b61705f69645f757365727c733a313a2231223b61705f70617373776f72647c733a34303a2264303333653232616533343861656235363630666332313430616563333538353063346461393937223b61705f6e616d617c733a31303a2242616e672041646d696e223b61705f6c6576656c7c733a353a2261646d696e223b61705f6c6576656c5f63617074696f6e7c733a31333a2241646d696e6973747261746f72223b),
('204b314d6f1e1418332ccc9816aededd27e1f227', '::1', 1566838032, 0x5f5f63695f6c6173745f726567656e65726174657c693a313536363833383033323b61705f69645f757365727c733a313a2231223b61705f70617373776f72647c733a34303a2264303333653232616533343861656235363630666332313430616563333538353063346461393937223b61705f6e616d617c733a31303a2242616e672041646d696e223b61705f6c6576656c7c733a353a2261646d696e223b61705f6c6576656c5f63617074696f6e7c733a31333a2241646d696e6973747261746f72223b),
('43e7881d27da4d750611acbc4fc5cbc58a26efcc', '::1', 1566838036, 0x5f5f63695f6c6173745f726567656e65726174657c693a313536363833383033323b61705f69645f757365727c733a313a2231223b61705f70617373776f72647c733a34303a2264303333653232616533343861656235363630666332313430616563333538353063346461393937223b61705f6e616d617c733a31303a2242616e672041646d696e223b61705f6c6576656c7c733a353a2261646d696e223b61705f6c6576656c5f63617074696f6e7c733a31333a2241646d696e6973747261746f72223b),
('703cf849a1522405c1cd6eab2774c6629aa0e1c6', '::1', 1566838875, 0x5f5f63695f6c6173745f726567656e65726174657c693a313536363833383538323b61705f69645f757365727c733a313a2231223b61705f70617373776f72647c733a34303a2264303333653232616533343861656235363630666332313430616563333538353063346461393937223b61705f6e616d617c733a31303a2242616e672041646d696e223b61705f6c6576656c7c733a353a2261646d696e223b61705f6c6576656c5f63617074696f6e7c733a31333a2241646d696e6973747261746f72223b),
('6a10364073529e9807e19a8a2262f2c9471dd637', '::1', 1566838888, 0x5f5f63695f6c6173745f726567656e65726174657c693a313536363833383838373b61705f69645f757365727c733a313a2231223b61705f70617373776f72647c733a34303a2264303333653232616533343861656235363630666332313430616563333538353063346461393937223b61705f6e616d617c733a31303a2242616e672041646d696e223b61705f6c6576656c7c733a353a2261646d696e223b61705f6c6576656c5f63617074696f6e7c733a31333a2241646d696e6973747261746f72223b),
('5ffb5e9c2855495dc459c5a5a9ef76b7cf55f8ba', '::1', 1566839418, 0x5f5f63695f6c6173745f726567656e65726174657c693a313536363833393230383b61705f69645f757365727c733a313a2231223b61705f70617373776f72647c733a34303a2264303333653232616533343861656235363630666332313430616563333538353063346461393937223b61705f6e616d617c733a31303a2242616e672041646d696e223b61705f6c6576656c7c733a353a2261646d696e223b61705f6c6576656c5f63617074696f6e7c733a31333a2241646d696e6973747261746f72223b),
('d77e75377ef90323d5cb5b69c253a98898ef2436', '::1', 1566839208, 0x5f5f63695f6c6173745f726567656e65726174657c693a313536363833393230383b61705f69645f757365727c733a313a2231223b61705f70617373776f72647c733a34303a2264303333653232616533343861656235363630666332313430616563333538353063346461393937223b61705f6e616d617c733a31303a2242616e672041646d696e223b61705f6c6576656c7c733a353a2261646d696e223b61705f6c6576656c5f63617074696f6e7c733a31333a2241646d696e6973747261746f72223b),
('628c09766ec76f70f540a7338f16f6092962fbbf', '::1', 1599028479, 0x5f5f63695f6c6173745f726567656e65726174657c693a313539393032383437333b61705f69645f757365727c733a313a2231223b61705f70617373776f72647c733a34303a2264303333653232616533343861656235363630666332313430616563333538353063346461393937223b61705f6e616d617c733a31303a2242616e672041646d696e223b61705f6c6576656c7c733a353a2261646d696e223b61705f6c6576656c5f63617074696f6e7c733a31333a2241646d696e6973747261746f72223b),
('f0fd48218f3b1f97d7d56b14f5917e846dbd3ee6', '::1', 1599028950, 0x5f5f63695f6c6173745f726567656e65726174657c693a313539393032383935303b61705f69645f757365727c733a313a2231223b61705f70617373776f72647c733a34303a2264303333653232616533343861656235363630666332313430616563333538353063346461393937223b61705f6e616d617c733a31303a2242616e672041646d696e223b61705f6c6576656c7c733a353a2261646d696e223b61705f6c6576656c5f63617074696f6e7c733a31333a2241646d696e6973747261746f72223b),
('020c497be4e96b894239dae34ed02524266b8a22', '::1', 1599029327, 0x5f5f63695f6c6173745f726567656e65726174657c693a313539393032393332373b61705f69645f757365727c733a313a2231223b61705f70617373776f72647c733a34303a2264303333653232616533343861656235363630666332313430616563333538353063346461393937223b61705f6e616d617c733a31303a2242616e672041646d696e223b61705f6c6576656c7c733a353a2261646d696e223b61705f6c6576656c5f63617074696f6e7c733a31333a2241646d696e6973747261746f72223b),
('0f30061d7cbdd4e1315b1881a88c7f28143fa446', '::1', 1599029796, 0x5f5f63695f6c6173745f726567656e65726174657c693a313539393032393739363b61705f69645f757365727c733a313a2231223b61705f70617373776f72647c733a34303a2264303333653232616533343861656235363630666332313430616563333538353063346461393937223b61705f6e616d617c733a31303a2242616e672041646d696e223b61705f6c6576656c7c733a353a2261646d696e223b61705f6c6576656c5f63617074696f6e7c733a31333a2241646d696e6973747261746f72223b),
('24a516e4d8ed3d70a35e375050b1759972359396', '::1', 1599031077, 0x5f5f63695f6c6173745f726567656e65726174657c693a313539393033313037373b61705f69645f757365727c733a313a2231223b61705f70617373776f72647c733a34303a2264303333653232616533343861656235363630666332313430616563333538353063346461393937223b61705f6e616d617c733a31303a2242616e672041646d696e223b61705f6c6576656c7c733a353a2261646d696e223b61705f6c6576656c5f63617074696f6e7c733a31333a2241646d696e6973747261746f72223b),
('e397b1314268257dc6fb52c4dc65cc1fafecfd10', '::1', 1599031548, 0x5f5f63695f6c6173745f726567656e65726174657c693a313539393033313534383b61705f69645f757365727c733a313a2231223b61705f70617373776f72647c733a34303a2264303333653232616533343861656235363630666332313430616563333538353063346461393937223b61705f6e616d617c733a31303a2242616e672041646d696e223b61705f6c6576656c7c733a353a2261646d696e223b61705f6c6576656c5f63617074696f6e7c733a31333a2241646d696e6973747261746f72223b),
('77f2dd5b9a718e2c9b5881f663e10bb8a9554e6d', '::1', 1599031853, 0x5f5f63695f6c6173745f726567656e65726174657c693a313539393033313835333b61705f69645f757365727c733a313a2231223b61705f70617373776f72647c733a34303a2264303333653232616533343861656235363630666332313430616563333538353063346461393937223b61705f6e616d617c733a31303a2242616e672041646d696e223b61705f6c6576656c7c733a353a2261646d696e223b61705f6c6576656c5f63617074696f6e7c733a31333a2241646d696e6973747261746f72223b),
('a70d09ad3698cb65d7d01f23843e7dece356455f', '::1', 1599032178, 0x5f5f63695f6c6173745f726567656e65726174657c693a313539393033323137383b61705f69645f757365727c733a313a2231223b61705f70617373776f72647c733a34303a2264303333653232616533343861656235363630666332313430616563333538353063346461393937223b61705f6e616d617c733a31303a2242616e672041646d696e223b61705f6c6576656c7c733a353a2261646d696e223b61705f6c6576656c5f63617074696f6e7c733a31333a2241646d696e6973747261746f72223b),
('77f324ae5db6b2e8e49842a0f8c1fdb30d3870b7', '::1', 1599033447, 0x5f5f63695f6c6173745f726567656e65726174657c693a313539393033333434373b61705f69645f757365727c733a313a2231223b61705f70617373776f72647c733a34303a2264303333653232616533343861656235363630666332313430616563333538353063346461393937223b61705f6e616d617c733a31303a2242616e672041646d696e223b61705f6c6576656c7c733a353a2261646d696e223b61705f6c6576656c5f63617074696f6e7c733a31333a2241646d696e6973747261746f72223b),
('f7e03dc6c21913e3390e9c0d8c1f2a19c40edb69', '::1', 1599033839, 0x5f5f63695f6c6173745f726567656e65726174657c693a313539393033333833393b61705f69645f757365727c733a313a2231223b61705f70617373776f72647c733a34303a2264303333653232616533343861656235363630666332313430616563333538353063346461393937223b61705f6e616d617c733a31303a2242616e672041646d696e223b61705f6c6576656c7c733a353a2261646d696e223b61705f6c6576656c5f63617074696f6e7c733a31333a2241646d696e6973747261746f72223b),
('64ae81125cdef48bc09f1f155c6fbdb8c327119b', '::1', 1599034229, 0x5f5f63695f6c6173745f726567656e65726174657c693a313539393033343232393b61705f69645f757365727c733a313a2231223b61705f70617373776f72647c733a34303a2264303333653232616533343861656235363630666332313430616563333538353063346461393937223b61705f6e616d617c733a31303a2242616e672041646d696e223b61705f6c6576656c7c733a353a2261646d696e223b61705f6c6576656c5f63617074696f6e7c733a31333a2241646d696e6973747261746f72223b),
('22410acb4695e4be9ff3e7b47e799f9d8b3ba329', '::1', 1599035175, 0x5f5f63695f6c6173745f726567656e65726174657c693a313539393033353137353b61705f69645f757365727c733a313a2231223b61705f70617373776f72647c733a34303a2264303333653232616533343861656235363630666332313430616563333538353063346461393937223b61705f6e616d617c733a31303a2242616e672041646d696e223b61705f6c6576656c7c733a353a2261646d696e223b61705f6c6576656c5f63617074696f6e7c733a31333a2241646d696e6973747261746f72223b),
('79a11daac0a255556f6ddbdec6aeac2587016716', '::1', 1599035801, 0x5f5f63695f6c6173745f726567656e65726174657c693a313539393033353830313b61705f69645f757365727c733a313a2231223b61705f70617373776f72647c733a34303a2264303333653232616533343861656235363630666332313430616563333538353063346461393937223b61705f6e616d617c733a31303a2242616e672041646d696e223b61705f6c6576656c7c733a353a2261646d696e223b61705f6c6576656c5f63617074696f6e7c733a31333a2241646d696e6973747261746f72223b),
('56772667d4e046cac0ec1e0f54825e668ccee502', '::1', 1599036207, 0x5f5f63695f6c6173745f726567656e65726174657c693a313539393033363230373b61705f69645f757365727c733a313a2231223b61705f70617373776f72647c733a34303a2264303333653232616533343861656235363630666332313430616563333538353063346461393937223b61705f6e616d617c733a31303a2242616e672041646d696e223b61705f6c6576656c7c733a353a2261646d696e223b61705f6c6576656c5f63617074696f6e7c733a31333a2241646d696e6973747261746f72223b),
('710426396e7234296484ad7f9253c68c8aa0a601', '::1', 1599036720, 0x5f5f63695f6c6173745f726567656e65726174657c693a313539393033363732303b61705f69645f757365727c733a313a2231223b61705f70617373776f72647c733a34303a2264303333653232616533343861656235363630666332313430616563333538353063346461393937223b61705f6e616d617c733a31303a2242616e672041646d696e223b61705f6c6576656c7c733a353a2261646d696e223b61705f6c6576656c5f63617074696f6e7c733a31333a2241646d696e6973747261746f72223b),
('cdf99667e3eafe52e3d844ebb3b2d6d94fd509dd', '::1', 1599037088, 0x5f5f63695f6c6173745f726567656e65726174657c693a313539393033373038383b61705f69645f757365727c733a313a2231223b61705f70617373776f72647c733a34303a2264303333653232616533343861656235363630666332313430616563333538353063346461393937223b61705f6e616d617c733a31303a2242616e672041646d696e223b61705f6c6576656c7c733a353a2261646d696e223b61705f6c6576656c5f63617074696f6e7c733a31333a2241646d696e6973747261746f72223b),
('b6a82c0ed7501cccde40d1bc3a295dbfd186778a', '::1', 1599037420, 0x5f5f63695f6c6173745f726567656e65726174657c693a313539393033373432303b61705f69645f757365727c733a313a2231223b61705f70617373776f72647c733a34303a2264303333653232616533343861656235363630666332313430616563333538353063346461393937223b61705f6e616d617c733a31303a2242616e672041646d696e223b61705f6c6576656c7c733a353a2261646d696e223b61705f6c6576656c5f63617074696f6e7c733a31333a2241646d696e6973747261746f72223b),
('e9c2ef5291732ad77fca2427ada4134d2496930b', '::1', 1599039595, 0x5f5f63695f6c6173745f726567656e65726174657c693a313539393033393539353b61705f69645f757365727c733a313a2231223b61705f70617373776f72647c733a34303a2264303333653232616533343861656235363630666332313430616563333538353063346461393937223b61705f6e616d617c733a31303a2242616e672041646d696e223b61705f6c6576656c7c733a353a2261646d696e223b61705f6c6576656c5f63617074696f6e7c733a31333a2241646d696e6973747261746f72223b),
('adfc4e42a753f68c2344bdec9533965338c9751a', '::1', 1599040266, 0x5f5f63695f6c6173745f726567656e65726174657c693a313539393034303236363b61705f69645f757365727c733a313a2231223b61705f70617373776f72647c733a34303a2264303333653232616533343861656235363630666332313430616563333538353063346461393937223b61705f6e616d617c733a31303a2242616e672041646d696e223b61705f6c6576656c7c733a353a2261646d696e223b61705f6c6576656c5f63617074696f6e7c733a31333a2241646d696e6973747261746f72223b),
('fbad557001ff4a1e95eaccdd66fff1f7f907a710', '::1', 1599096517, 0x5f5f63695f6c6173745f726567656e65726174657c693a313539393039363530393b61705f69645f757365727c733a313a2231223b61705f70617373776f72647c733a34303a2264303333653232616533343861656235363630666332313430616563333538353063346461393937223b61705f6e616d617c733a31303a2242616e672041646d696e223b61705f6c6576656c7c733a353a2261646d696e223b61705f6c6576656c5f63617074696f6e7c733a31333a2241646d696e6973747261746f72223b),
('e4f483a94c51df7f96e517e0fc778aae591f1ffa', '::1', 1599096813, 0x5f5f63695f6c6173745f726567656e65726174657c693a313539393039363831333b61705f69645f757365727c733a313a2231223b61705f70617373776f72647c733a34303a2264303333653232616533343861656235363630666332313430616563333538353063346461393937223b61705f6e616d617c733a31303a2242616e672041646d696e223b61705f6c6576656c7c733a353a2261646d696e223b61705f6c6576656c5f63617074696f6e7c733a31333a2241646d696e6973747261746f72223b),
('1f764f8cb5ee2883da4b96faff32ceca57544c65', '::1', 1599097462, 0x5f5f63695f6c6173745f726567656e65726174657c693a313539393039373436323b61705f69645f757365727c733a313a2231223b61705f70617373776f72647c733a34303a2264303333653232616533343861656235363630666332313430616563333538353063346461393937223b61705f6e616d617c733a31303a2242616e672041646d696e223b61705f6c6576656c7c733a353a2261646d696e223b61705f6c6576656c5f63617074696f6e7c733a31333a2241646d696e6973747261746f72223b),
('f313f4469dff2f9bbea4d5c9c19702b7b3b08aae', '::1', 1599098025, 0x5f5f63695f6c6173745f726567656e65726174657c693a313539393039383032353b61705f69645f757365727c733a313a2231223b61705f70617373776f72647c733a34303a2264303333653232616533343861656235363630666332313430616563333538353063346461393937223b61705f6e616d617c733a31303a2242616e672041646d696e223b61705f6c6576656c7c733a353a2261646d696e223b61705f6c6576656c5f63617074696f6e7c733a31333a2241646d696e6973747261746f72223b),
('d62156620aff7f18efadda349fe5164f710c9a9f', '::1', 1599098462, 0x5f5f63695f6c6173745f726567656e65726174657c693a313539393039383436323b61705f69645f757365727c733a313a2231223b61705f70617373776f72647c733a34303a2264303333653232616533343861656235363630666332313430616563333538353063346461393937223b61705f6e616d617c733a31303a2242616e672041646d696e223b61705f6c6576656c7c733a353a2261646d696e223b61705f6c6576656c5f63617074696f6e7c733a31333a2241646d696e6973747261746f72223b),
('91c5d685fea0185ff05b391b632883a275014efe', '::1', 1599098988, 0x5f5f63695f6c6173745f726567656e65726174657c693a313539393039383938383b61705f69645f757365727c733a313a2231223b61705f70617373776f72647c733a34303a2264303333653232616533343861656235363630666332313430616563333538353063346461393937223b61705f6e616d617c733a31303a2242616e672041646d696e223b61705f6c6576656c7c733a353a2261646d696e223b61705f6c6576656c5f63617074696f6e7c733a31333a2241646d696e6973747261746f72223b),
('3043be397a42925f6afba6e0f413c8566dfae4e2', '::1', 1599101781, 0x5f5f63695f6c6173745f726567656e65726174657c693a313539393130313738313b61705f69645f757365727c733a313a2231223b61705f70617373776f72647c733a34303a2264303333653232616533343861656235363630666332313430616563333538353063346461393937223b61705f6e616d617c733a31303a2242616e672041646d696e223b61705f6c6576656c7c733a353a2261646d696e223b61705f6c6576656c5f63617074696f6e7c733a31333a2241646d696e6973747261746f72223b),
('e8167bd768fcda220be6f2dae6d70ed5545bdf90', '::1', 1599102260, 0x5f5f63695f6c6173745f726567656e65726174657c693a313539393130323236303b61705f69645f757365727c733a313a2231223b61705f70617373776f72647c733a34303a2264303333653232616533343861656235363630666332313430616563333538353063346461393937223b61705f6e616d617c733a31303a2242616e672041646d696e223b61705f6c6576656c7c733a353a2261646d696e223b61705f6c6576656c5f63617074696f6e7c733a31333a2241646d696e6973747261746f72223b),
('1d5d1de862485538cf9b34f44c1c1d8f2705ae4f', '::1', 1599102702, 0x5f5f63695f6c6173745f726567656e65726174657c693a313539393130323730323b61705f69645f757365727c733a313a2231223b61705f70617373776f72647c733a34303a2264303333653232616533343861656235363630666332313430616563333538353063346461393937223b61705f6e616d617c733a31303a2242616e672041646d696e223b61705f6c6576656c7c733a353a2261646d696e223b61705f6c6576656c5f63617074696f6e7c733a31333a2241646d696e6973747261746f72223b),
('eb0fc8fad3b5f56a9bab86ffe2e095864cc6b76b', '::1', 1599103133, 0x5f5f63695f6c6173745f726567656e65726174657c693a313539393130333133333b61705f69645f757365727c733a313a2231223b61705f70617373776f72647c733a34303a2264303333653232616533343861656235363630666332313430616563333538353063346461393937223b61705f6e616d617c733a31303a2242616e672041646d696e223b61705f6c6576656c7c733a353a2261646d696e223b61705f6c6576656c5f63617074696f6e7c733a31333a2241646d696e6973747261746f72223b),
('77e48ee1aca06da8bb79750df2083ef4deb930f9', '::1', 1599103967, 0x5f5f63695f6c6173745f726567656e65726174657c693a313539393130333936373b61705f69645f757365727c733a313a2231223b61705f70617373776f72647c733a34303a2264303333653232616533343861656235363630666332313430616563333538353063346461393937223b61705f6e616d617c733a31303a2242616e672041646d696e223b61705f6c6576656c7c733a353a2261646d696e223b61705f6c6576656c5f63617074696f6e7c733a31333a2241646d696e6973747261746f72223b),
('075d5736c940b4e275253fbde4ea7f01163e7f25', '::1', 1599104581, 0x5f5f63695f6c6173745f726567656e65726174657c693a313539393130343538313b61705f69645f757365727c733a313a2231223b61705f70617373776f72647c733a34303a2264303333653232616533343861656235363630666332313430616563333538353063346461393937223b61705f6e616d617c733a31303a2242616e672041646d696e223b61705f6c6576656c7c733a353a2261646d696e223b61705f6c6576656c5f63617074696f6e7c733a31333a2241646d696e6973747261746f72223b),
('fda65f674bd449463c9d08c5adfdb9613e3a6695', '::1', 1599105155, 0x5f5f63695f6c6173745f726567656e65726174657c693a313539393130353135353b61705f69645f757365727c733a313a2231223b61705f70617373776f72647c733a34303a2264303333653232616533343861656235363630666332313430616563333538353063346461393937223b61705f6e616d617c733a31303a2242616e672041646d696e223b61705f6c6576656c7c733a353a2261646d696e223b61705f6c6576656c5f63617074696f6e7c733a31333a2241646d696e6973747261746f72223b),
('3a9ae714c42c1b71be090030224b7437fc0bbd4b', '::1', 1599105463, 0x5f5f63695f6c6173745f726567656e65726174657c693a313539393130353436333b61705f69645f757365727c733a313a2231223b61705f70617373776f72647c733a34303a2264303333653232616533343861656235363630666332313430616563333538353063346461393937223b61705f6e616d617c733a31303a2242616e672041646d696e223b61705f6c6576656c7c733a353a2261646d696e223b61705f6c6576656c5f63617074696f6e7c733a31333a2241646d696e6973747261746f72223b),
('5da3a81d099486ba10554a74b34a77d5f7372bd2', '::1', 1599105784, 0x5f5f63695f6c6173745f726567656e65726174657c693a313539393130353738343b61705f69645f757365727c733a313a2231223b61705f70617373776f72647c733a34303a2264303333653232616533343861656235363630666332313430616563333538353063346461393937223b61705f6e616d617c733a31303a2242616e672041646d696e223b61705f6c6576656c7c733a353a2261646d696e223b61705f6c6576656c5f63617074696f6e7c733a31333a2241646d696e6973747261746f72223b),
('65c07d694dab581e575c470865c2a3e62391ee3d', '::1', 1599106128, 0x5f5f63695f6c6173745f726567656e65726174657c693a313539393130363132383b61705f69645f757365727c733a313a2231223b61705f70617373776f72647c733a34303a2264303333653232616533343861656235363630666332313430616563333538353063346461393937223b61705f6e616d617c733a31303a2242616e672041646d696e223b61705f6c6576656c7c733a353a2261646d696e223b61705f6c6576656c5f63617074696f6e7c733a31333a2241646d696e6973747261746f72223b),
('bd213447f6e7892b3e442388abdc053ee583263b', '::1', 1599106472, 0x5f5f63695f6c6173745f726567656e65726174657c693a313539393130363437323b61705f69645f757365727c733a313a2231223b61705f70617373776f72647c733a34303a2264303333653232616533343861656235363630666332313430616563333538353063346461393937223b61705f6e616d617c733a31303a2242616e672041646d696e223b61705f6c6576656c7c733a353a2261646d696e223b61705f6c6576656c5f63617074696f6e7c733a31333a2241646d696e6973747261746f72223b),
('af8a2b7223f3bde857edb1b3b7b8fed810a957b0', '::1', 1599107528, 0x5f5f63695f6c6173745f726567656e65726174657c693a313539393130373532383b61705f69645f757365727c733a313a2231223b61705f70617373776f72647c733a34303a2264303333653232616533343861656235363630666332313430616563333538353063346461393937223b61705f6e616d617c733a31303a2242616e672041646d696e223b61705f6c6576656c7c733a353a2261646d696e223b61705f6c6576656c5f63617074696f6e7c733a31333a2241646d696e6973747261746f72223b),
('07e952e89651d9825ab57b2db734750b83d7e25f', '::1', 1599107874, 0x5f5f63695f6c6173745f726567656e65726174657c693a313539393130373837343b61705f69645f757365727c733a313a2231223b61705f70617373776f72647c733a34303a2264303333653232616533343861656235363630666332313430616563333538353063346461393937223b61705f6e616d617c733a31303a2242616e672041646d696e223b61705f6c6576656c7c733a353a2261646d696e223b61705f6c6576656c5f63617074696f6e7c733a31333a2241646d696e6973747261746f72223b),
('c30f1b2f2ba65717d1ff520ef418e3adb9c320b0', '::1', 1599108317, 0x5f5f63695f6c6173745f726567656e65726174657c693a313539393130383331373b61705f69645f757365727c733a313a2231223b61705f70617373776f72647c733a34303a2264303333653232616533343861656235363630666332313430616563333538353063346461393937223b61705f6e616d617c733a31303a2242616e672041646d696e223b61705f6c6576656c7c733a353a2261646d696e223b61705f6c6576656c5f63617074696f6e7c733a31333a2241646d696e6973747261746f72223b),
('b951db9bdb6e8713f3500db60b4bc4234c828f34', '::1', 1599108632, 0x5f5f63695f6c6173745f726567656e65726174657c693a313539393130383633323b61705f69645f757365727c733a313a2231223b61705f70617373776f72647c733a34303a2264303333653232616533343861656235363630666332313430616563333538353063346461393937223b61705f6e616d617c733a31303a2242616e672041646d696e223b61705f6c6576656c7c733a353a2261646d696e223b61705f6c6576656c5f63617074696f6e7c733a31333a2241646d696e6973747261746f72223b),
('e17162c7c05f87ddffdc24beddbd5d68fb2bbda8', '::1', 1599112621, 0x5f5f63695f6c6173745f726567656e65726174657c693a313539393131323632313b61705f69645f757365727c733a313a2231223b61705f70617373776f72647c733a34303a2264303333653232616533343861656235363630666332313430616563333538353063346461393937223b61705f6e616d617c733a31303a2242616e672041646d696e223b61705f6c6576656c7c733a353a2261646d696e223b61705f6c6576656c5f63617074696f6e7c733a31333a2241646d696e6973747261746f72223b),
('3c14e91e519ba0a234f39403664cc27722143b93', '::1', 1599115794, 0x5f5f63695f6c6173745f726567656e65726174657c693a313539393131353739343b61705f69645f757365727c733a313a2231223b61705f70617373776f72647c733a34303a2264303333653232616533343861656235363630666332313430616563333538353063346461393937223b61705f6e616d617c733a31303a2242616e672041646d696e223b61705f6c6576656c7c733a353a2261646d696e223b61705f6c6576656c5f63617074696f6e7c733a31333a2241646d696e6973747261746f72223b),
('a49af2f4b5d80b8213d8bf8848a9d93c1806ef69', '::1', 1599116432, 0x5f5f63695f6c6173745f726567656e65726174657c693a313539393131363433323b61705f69645f757365727c733a313a2231223b61705f70617373776f72647c733a34303a2264303333653232616533343861656235363630666332313430616563333538353063346461393937223b61705f6e616d617c733a31303a2242616e672041646d696e223b61705f6c6576656c7c733a353a2261646d696e223b61705f6c6576656c5f63617074696f6e7c733a31333a2241646d696e6973747261746f72223b);

-- --------------------------------------------------------

--
-- Table structure for table `pj_data_akhir`
--

CREATE TABLE IF NOT EXISTS `pj_data_akhir` (
  `id_data_akhir` int(11) NOT NULL,
  `id_data_awal` int(11) NOT NULL,
  `jenis_kiriman` int(11) NOT NULL,
  `kode_kirim` int(11) NOT NULL
) ENGINE=InnoDB DEFAULT CHARSET=latin1;

-- --------------------------------------------------------

--
-- Table structure for table `pj_data_awal`
--

CREATE TABLE IF NOT EXISTS `pj_data_awal` (
`id_data_awal` tinyint(1) NOT NULL,
  `jenis_kiriman` varchar(40) NOT NULL,
  `kode_kirim` varchar(40) NOT NULL,
  `ekspedisi_awal` varchar(40) NOT NULL,
  `resi_supplier` varchar(40) NOT NULL,
  `invoice_awal` varchar(40) NOT NULL,
  `kode_unik` varchar(30) NOT NULL,
  `tanggal` datetime NOT NULL,
  `dihapus` enum('tidak','ya') NOT NULL
) ENGINE=InnoDB AUTO_INCREMENT=43 DEFAULT CHARSET=latin1;

--
-- Dumping data for table `pj_data_awal`
--

INSERT INTO `pj_data_awal` (`id_data_awal`, `jenis_kiriman`, `kode_kirim`, `ekspedisi_awal`, `resi_supplier`, `invoice_awal`, `kode_unik`, `tanggal`, `dihapus`) VALUES
(1, 'Barang', '002', 'JNE', '008120', 'XWWWEE3321', '15990372721', '2020-09-02 16:01:12', 'ya'),
(2, 'Amplop', '002', 'Sicepat', '008120', 'XWWWEE3321', '15990372871', '2020-09-02 16:01:27', 'tidak'),
(3, 'Amplop', '0032', 'JNE', '008120', 'XWWWEE3321', '15990373031', '2020-09-02 16:01:43', 'tidak'),
(4, 'Barang', '003', 'JNE', '008120', 'XWWWEE3321', '15990392421', '2020-09-02 16:34:02', 'tidak'),
(5, 'Barang', '0022', 'JNE', '0081222111', 'XWWWEE33214221', '15990967931', '2020-09-03 08:33:13', 'ya'),
(6, 'Barang', '002', 'GO Send', '0081222', 'XWWWEE3321', '15990968091', '2020-09-03 08:33:29', 'ya'),
(7, 'Amplop', '1233456', 'JNE', '00812022222', 'XWWWEE332111111111', '15991046871', '2020-09-03 10:44:47', 'tidak'),
(8, 'Barang', '002', 'JNE', '008120', 'XWWWEE3321', '15990372721', '2020-09-02 16:01:12', 'ya'),
(9, 'Amplop', '002', 'Sicepat', '008120', 'XWWWEE3321', '15990372871', '2020-09-02 16:01:27', 'tidak'),
(10, 'Amplop', '0032', 'JNE', '008120', 'XWWWEE3321', '15990373031', '2020-09-02 16:01:43', 'tidak'),
(11, 'Barang', '003', 'JNE', '008120', 'XWWWEE3321', '15990392421', '2020-09-02 16:34:02', 'tidak'),
(12, 'Barang', '0022', 'JNE', '0081222111', 'XWWWEE33214221', '15990967931', '2020-09-03 08:33:13', 'ya'),
(13, 'Barang', '002', 'GO Send', '0081222', 'XWWWEE3321', '15990968091', '2020-09-03 08:33:29', 'ya'),
(14, 'Amplop', '1233456', 'JNE', '00812022222', 'XWWWEE332111111111', '15991046871', '2020-09-03 10:44:47', 'tidak'),
(15, 'Barang', '002', 'JNE', '008120', 'XWWWEE3321', '15990372721', '2020-09-02 16:01:12', 'ya'),
(16, 'Amplop', '002', 'Sicepat', '008120', 'XWWWEE3321', '15990372871', '2020-09-02 16:01:27', 'tidak'),
(17, 'Amplop', '0032', 'JNE', '008120', 'XWWWEE3321', '15990373031', '2020-09-02 16:01:43', 'tidak'),
(18, 'Barang', '003', 'JNE', '008120', 'XWWWEE3321', '15990392421', '2020-09-02 16:34:02', 'tidak'),
(19, 'Barang', '0022', 'JNE', '0081222111', 'XWWWEE33214221', '15990967931', '2020-09-03 08:33:13', 'ya'),
(20, 'Barang', '002', 'GO Send', '0081222', 'XWWWEE3321', '15990968091', '2020-09-03 08:33:29', 'ya'),
(21, 'Amplop', '1233456', 'JNE', '00812022222', 'XWWWEE332111111111', '15991046871', '2020-09-03 10:44:47', 'tidak'),
(22, 'Barang', '002', 'JNE', '008120', 'XWWWEE3321', '15990372721', '2020-09-02 16:01:12', 'ya'),
(23, 'Amplop', '002', 'Sicepat', '008120', 'XWWWEE3321', '15990372871', '2020-09-02 16:01:27', 'tidak'),
(24, 'Amplop', '0032', 'JNE', '008120', 'XWWWEE3321', '15990373031', '2020-09-02 16:01:43', 'tidak'),
(25, 'Barang', '003', 'JNE', '008120', 'XWWWEE3321', '15990392421', '2020-09-02 16:34:02', 'tidak'),
(26, 'Barang', '0022', 'JNE', '0081222111', 'XWWWEE33214221', '15990967931', '2020-09-03 08:33:13', 'ya'),
(27, 'Barang', '002', 'GO Send', '0081222', 'XWWWEE3321', '15990968091', '2020-09-03 08:33:29', 'ya'),
(28, 'Amplop', '1233456', 'JNE', '00812022222', 'XWWWEE332111111111', '15991046871', '2020-09-03 10:44:47', 'tidak'),
(29, 'Barang', '002', 'JNE', '008120', 'XWWWEE3321', '15990372721', '2020-09-02 16:01:12', 'ya'),
(30, 'Amplop', '002', 'Sicepat', '008120', 'XWWWEE3321', '15990372871', '2020-09-02 16:01:27', 'tidak'),
(31, 'Amplop', '0032', 'JNE', '008120', 'XWWWEE3321', '15990373031', '2020-09-02 16:01:43', 'tidak'),
(32, 'Barang', '003', 'JNE', '008120', 'XWWWEE3321', '15990392421', '2020-09-02 16:34:02', 'tidak'),
(33, 'Barang', '0022', 'JNE', '0081222111', 'XWWWEE33214221', '15990967931', '2020-09-03 08:33:13', 'ya'),
(34, 'Barang', '002', 'GO Send', '0081222', 'XWWWEE3321', '15990968091', '2020-09-03 08:33:29', 'ya'),
(35, 'Amplop', '1233456', 'JNE', '00812022222', 'XWWWEE332111111111', '15991046871', '2020-09-03 10:44:47', 'tidak'),
(36, 'Barang', '002', 'JNE', '008120', 'XWWWEE3321', '15990372721', '2020-09-02 16:01:12', 'ya'),
(37, 'Amplop', '002', 'Sicepat', '008120', 'XWWWEE3321', '15990372871', '2020-09-02 16:01:27', 'tidak'),
(38, 'Amplop', '0032', 'JNE', '008120', 'XWWWEE3321', '15990373031', '2020-09-02 16:01:43', 'tidak'),
(39, 'Barang', '003', 'JNE', '008120', 'XWWWEE3321', '15990392421', '2020-09-02 16:34:02', 'tidak'),
(40, 'Barang', '0022', 'JNE', '0081222111', 'XWWWEE33214221', '15990967931', '2020-09-03 08:33:13', 'ya'),
(41, 'Barang', '002', 'GO Send', '0081222', 'XWWWEE3321', '15990968091', '2020-09-03 08:33:29', 'ya'),
(42, 'Amplop', '1233456', 'JNE', '00812022222', 'XWWWEE332111111111', '15991046871', '2020-09-03 10:44:47', 'tidak');

-- --------------------------------------------------------

--
-- Table structure for table `pj_droppoint`
--

CREATE TABLE IF NOT EXISTS `pj_droppoint` (
  `id_droppoint` int(11) NOT NULL
) ENGINE=InnoDB DEFAULT CHARSET=latin1;

-- --------------------------------------------------------

--
-- Table structure for table `pj_kategori_barang`
--

CREATE TABLE IF NOT EXISTS `pj_kategori_barang` (
`id_kategori_barang` mediumint(1) unsigned NOT NULL,
  `kategori` varchar(20) NOT NULL,
  `dihapus` enum('tidak','ya') NOT NULL
) ENGINE=MyISAM AUTO_INCREMENT=10 DEFAULT CHARSET=latin1;

--
-- Dumping data for table `pj_kategori_barang`
--

INSERT INTO `pj_kategori_barang` (`id_kategori_barang`, `kategori`, `dihapus`) VALUES
(1, 'Makanan', 'tidak'),
(2, 'Minuman', 'tidak'),
(3, 'Lauk', 'tidak'),
(4, 'Camilan', 'tidak'),
(5, 'Rokok', 'tidak'),
(9, 'makanan', 'ya');

-- --------------------------------------------------------

--
-- Table structure for table `pj_merk_barang`
--

CREATE TABLE IF NOT EXISTS `pj_merk_barang` (
`id_merk_barang` mediumint(1) unsigned NOT NULL,
  `merk` varchar(20) NOT NULL,
  `dihapus` enum('tidak','ya') NOT NULL
) ENGINE=MyISAM AUTO_INCREMENT=19 DEFAULT CHARSET=latin1;

--
-- Dumping data for table `pj_merk_barang`
--

INSERT INTO `pj_merk_barang` (`id_merk_barang`, `merk`, `dihapus`) VALUES
(1, 'Pak Toso', 'tidak'),
(2, 'Aqua', 'tidak'),
(3, 'Goyang lidah', 'tidak'),
(4, 'Haji Ardi', 'tidak'),
(5, 'Bulan Bintang', 'tidak'),
(6, 'Jackloth', 'ya'),
(7, 'Pierro', 'ya'),
(8, 'Pierro', 'ya'),
(9, 'Pierro', 'ya'),
(10, 'Converse', 'ya'),
(11, 'Piero', 'ya'),
(12, 'Teen', 'ya'),
(13, 'adass2', 'ya'),
(14, 'asda', 'ya'),
(15, 'sada3', 'ya'),
(16, 'asda 3', 'ya'),
(17, '333', 'ya'),
(18, 'LAu', 'ya');

-- --------------------------------------------------------

--
-- Table structure for table `pj_pelanggan`
--

CREATE TABLE IF NOT EXISTS `pj_pelanggan` (
`id_pelanggan` mediumint(1) unsigned NOT NULL,
  `nama` varchar(40) NOT NULL,
  `alamat` text,
  `telp` varchar(40) DEFAULT NULL,
  `kode_unik` varchar(10) NOT NULL,
  `info_tambahan` text,
  `waktu_input` datetime NOT NULL,
  `dihapus` enum('tidak','ya') NOT NULL
) ENGINE=MyISAM AUTO_INCREMENT=31 DEFAULT CHARSET=latin1;

--
-- Dumping data for table `pj_pelanggan`
--

INSERT INTO `pj_pelanggan` (`id_pelanggan`, `nama`, `alamat`, `telp`, `kode_unik`, `info_tambahan`, `waktu_input`, `dihapus`) VALUES
(30, 'rappen', 'Jalan Gajah Mada, KM. 7 Dukuhrejo, Bayan\r\nJalan Gajah Mada', '082223127246', '1565054918', '', '2019-08-06 08:28:38', 'tidak'),
(29, 'olip', 'Jalan Argorejo No 1, Argopeni\r\nJalan Argorejo', '082223127246', '1565054883', '', '2019-08-06 08:28:03', 'tidak'),
(28, 'Nanang Prambudi', 'Street', '0812631273123', '1565054869', '', '2019-08-06 08:27:49', 'tidak'),
(27, 'Budi Santoso', 'jl. p. diponegoro 30 kutoarjo', '085643899601', '1565021387', '', '2019-08-05 23:09:47', 'tidak'),
(26, 'Budi Santoso', 'Street', '0812631273123', '1565021290', 'sss', '2019-08-05 23:08:10', 'ya');

-- --------------------------------------------------------

--
-- Table structure for table `pj_pengeluaran`
--

CREATE TABLE IF NOT EXISTS `pj_pengeluaran` (
`id_pengeluaran` mediumint(1) unsigned NOT NULL,
  `nama` varchar(40) NOT NULL,
  `total` decimal(10,0) DEFAULT NULL,
  `info_tambahan` text,
  `kode_unik` varchar(30) NOT NULL,
  `tanggal` datetime NOT NULL,
  `dihapus` enum('tidak','ya') NOT NULL
) ENGINE=MyISAM AUTO_INCREMENT=28 DEFAULT CHARSET=latin1;

--
-- Dumping data for table `pj_pengeluaran`
--

INSERT INTO `pj_pengeluaran` (`id_pengeluaran`, `nama`, `total`, `info_tambahan`, `kode_unik`, `tanggal`, `dihapus`) VALUES
(1, 'pln', '10000', 'Testtt', '111', '2016-05-07 22:44:25', 'ya'),
(2, 'pdam', '20000', 'nanang elek', '112', '2016-05-07 22:44:49', 'ya'),
(3, 'wifi', '30000', '', '113', '2016-05-23 16:31:47', 'ya'),
(4, 'budi', '40000', 'Testing', '114', '2016-05-23 16:33:00', 'ya'),
(5, '', '50000', '', '115', '2016-05-23 16:36:45', 'tidak'),
(6, '', '0', 'Test', '116', '2016-05-24 20:54:58', 'ya'),
(7, '', '10000', '', '117', '2016-05-24 21:24:54', 'tidak'),
(23, '', '50000', '', '15633524081', '2019-07-17 15:33:28', 'tidak'),
(24, 'wifi', '50000', 'token', '15633674471', '2019-07-17 19:44:07', 'tidak'),
(25, 'pdam', '100000', 'yu', '15990284951', '2020-09-02 13:34:55', 'tidak'),
(26, 'pln', '10000', '', '15990293401', '2020-09-02 13:49:00', 'ya'),
(27, 'ssssssoo', '11111111', 'sss', '15990371931', '2020-09-02 15:59:53', 'tidak');

-- --------------------------------------------------------

--
-- Table structure for table `pj_penjualan_detail`
--

CREATE TABLE IF NOT EXISTS `pj_penjualan_detail` (
`id_penjualan_d` int(1) unsigned NOT NULL,
  `id_penjualan_m` int(1) unsigned NOT NULL,
  `id_barang` int(1) NOT NULL,
  `jumlah_beli` smallint(1) unsigned NOT NULL,
  `harga_satuan` decimal(10,0) NOT NULL,
  `total` decimal(10,0) NOT NULL
) ENGINE=MyISAM AUTO_INCREMENT=69 DEFAULT CHARSET=latin1;

--
-- Dumping data for table `pj_penjualan_detail`
--

INSERT INTO `pj_penjualan_detail` (`id_penjualan_d`, `id_penjualan_m`, `id_barang`, `jumlah_beli`, `harga_satuan`, `total`) VALUES
(54, 42, 1, 4, '10000', '40000'),
(55, 42, 3, 1, '3000', '3000'),
(56, 43, 1, 5, '10000', '50000'),
(58, 44, 1, 2, '10000', '20000'),
(57, 43, 3, 5, '3000', '15000'),
(61, 47, 2, 1, '13000', '13000'),
(62, 48, 3, 1, '3000', '3000'),
(59, 45, 1, 1, '10000', '10000'),
(63, 49, 1, 1, '10000', '10000'),
(64, 49, 21, 1, '5000', '5000'),
(65, 50, 1, 3, '10000', '30000'),
(66, 50, 5, 1, '4000', '4000'),
(67, 51, 1, 1, '10000', '10000'),
(68, 51, 5, 1, '4000', '4000');

-- --------------------------------------------------------

--
-- Table structure for table `pj_penjualan_master`
--

CREATE TABLE IF NOT EXISTS `pj_penjualan_master` (
`id_penjualan_m` int(1) unsigned NOT NULL,
  `nomor_nota` varchar(40) NOT NULL,
  `tanggal` datetime NOT NULL,
  `grand_total` decimal(10,0) NOT NULL,
  `bayar` decimal(10,0) NOT NULL,
  `keterangan_lain` text,
  `id_pelanggan` mediumint(1) unsigned DEFAULT NULL,
  `id_user` mediumint(1) unsigned NOT NULL
) ENGINE=MyISAM AUTO_INCREMENT=52 DEFAULT CHARSET=latin1;

--
-- Dumping data for table `pj_penjualan_master`
--

INSERT INTO `pj_penjualan_master` (`id_penjualan_m`, `nomor_nota`, `tanggal`, `grand_total`, `bayar`, `keterangan_lain`, `id_pelanggan`, `id_user`) VALUES
(42, '5D29818709E161', '2019-07-13 00:00:00', '43000', '50000', '', NULL, 1),
(43, '5D2BF7E2C20A32', '2019-07-15 00:00:00', '65000', '70000', '', NULL, 2),
(44, '5D2BF818DEC862', '2019-07-15 00:00:00', '20000', '20000', '', NULL, 2),
(45, '5D2DE24E6A0B41', '2019-07-16 00:00:00', '10000', '20000', '', NULL, 1),
(48, '5D2DF6FDF21901', '2019-07-16 00:00:00', '3000', '5000', '', NULL, 1),
(47, '5D2DE453CF58C1', '2019-07-16 00:00:00', '13000', '20000', '', NULL, 1),
(49, '5D47034EEEE0B1', '2019-08-04 00:00:00', '15000', '20000', '', NULL, 1),
(50, '5D47077A12B9D1', '2019-08-04 00:00:00', '34000', '50000', '', NULL, 1),
(51, '5D63E5B5429922', '2019-08-26 00:00:00', '14000', '20000', '', NULL, 2);

-- --------------------------------------------------------

--
-- Table structure for table `pj_user`
--

CREATE TABLE IF NOT EXISTS `pj_user` (
`id_user` mediumint(1) unsigned NOT NULL,
  `username` varchar(40) NOT NULL,
  `password` varchar(60) NOT NULL,
  `nama` varchar(50) NOT NULL,
  `id_akses` tinyint(1) unsigned NOT NULL,
  `status` enum('Aktif','Non Aktif') NOT NULL,
  `dihapus` enum('tidak','ya') NOT NULL
) ENGINE=MyISAM AUTO_INCREMENT=8 DEFAULT CHARSET=latin1;

--
-- Dumping data for table `pj_user`
--

INSERT INTO `pj_user` (`id_user`, `username`, `password`, `nama`, `id_akses`, `status`, `dihapus`) VALUES
(1, 'admin', 'd033e22ae348aeb5660fc2140aec35850c4da997', 'Bang Admin', 1, 'Aktif', 'tidak'),
(2, 'CS', '1532c9f94d5ce1e0113a85a371679d44e0b5bab1', 'CS1', 2, 'Aktif', 'tidak'),
(3, 'CS2', '08dfc5f04f9704943a423ea5732b98d3567cbd49', 'CS2', 2, 'Aktif', 'tidak'),
(4, 'jaka', '2ec22095503fe843326e7c19dd2ab98716b63e4d', 'Jaka Sembung', 3, 'Aktif', 'ya'),
(5, 'jaka', '2ec22095503fe843326e7c19dd2ab98716b63e4d', 'Jaka Sembung', 3, 'Aktif', 'ya'),
(6, 'joko', '97c358728f7f947c9a279ba9be88308395c7cc3a', 'Joko Haji', 4, 'Aktif', 'tidak'),
(7, 'amir', '1dd89e5367785ba89076cd264daac0464fdf0d7b', 'amir', 3, 'Aktif', 'ya');

--
-- Indexes for dumped tables
--

--
-- Indexes for table `pj_akses`
--
ALTER TABLE `pj_akses`
 ADD PRIMARY KEY (`id_akses`);

--
-- Indexes for table `pj_barang`
--
ALTER TABLE `pj_barang`
 ADD PRIMARY KEY (`id_barang`);

--
-- Indexes for table `pj_ci_sessions`
--
ALTER TABLE `pj_ci_sessions`
 ADD KEY `ci_sessions_timestamp` (`timestamp`);

--
-- Indexes for table `pj_data_awal`
--
ALTER TABLE `pj_data_awal`
 ADD PRIMARY KEY (`id_data_awal`);

--
-- Indexes for table `pj_kategori_barang`
--
ALTER TABLE `pj_kategori_barang`
 ADD PRIMARY KEY (`id_kategori_barang`);

--
-- Indexes for table `pj_merk_barang`
--
ALTER TABLE `pj_merk_barang`
 ADD PRIMARY KEY (`id_merk_barang`);

--
-- Indexes for table `pj_pelanggan`
--
ALTER TABLE `pj_pelanggan`
 ADD PRIMARY KEY (`id_pelanggan`);

--
-- Indexes for table `pj_pengeluaran`
--
ALTER TABLE `pj_pengeluaran`
 ADD PRIMARY KEY (`id_pengeluaran`);

--
-- Indexes for table `pj_penjualan_detail`
--
ALTER TABLE `pj_penjualan_detail`
 ADD PRIMARY KEY (`id_penjualan_d`);

--
-- Indexes for table `pj_penjualan_master`
--
ALTER TABLE `pj_penjualan_master`
 ADD PRIMARY KEY (`id_penjualan_m`);

--
-- Indexes for table `pj_user`
--
ALTER TABLE `pj_user`
 ADD PRIMARY KEY (`id_user`);

--
-- AUTO_INCREMENT for dumped tables
--

--
-- AUTO_INCREMENT for table `pj_akses`
--
ALTER TABLE `pj_akses`
MODIFY `id_akses` tinyint(1) unsigned NOT NULL AUTO_INCREMENT,AUTO_INCREMENT=5;
--
-- AUTO_INCREMENT for table `pj_barang`
--
ALTER TABLE `pj_barang`
MODIFY `id_barang` int(1) unsigned NOT NULL AUTO_INCREMENT,AUTO_INCREMENT=28;
--
-- AUTO_INCREMENT for table `pj_data_awal`
--
ALTER TABLE `pj_data_awal`
MODIFY `id_data_awal` tinyint(1) NOT NULL AUTO_INCREMENT,AUTO_INCREMENT=43;
--
-- AUTO_INCREMENT for table `pj_kategori_barang`
--
ALTER TABLE `pj_kategori_barang`
MODIFY `id_kategori_barang` mediumint(1) unsigned NOT NULL AUTO_INCREMENT,AUTO_INCREMENT=10;
--
-- AUTO_INCREMENT for table `pj_merk_barang`
--
ALTER TABLE `pj_merk_barang`
MODIFY `id_merk_barang` mediumint(1) unsigned NOT NULL AUTO_INCREMENT,AUTO_INCREMENT=19;
--
-- AUTO_INCREMENT for table `pj_pelanggan`
--
ALTER TABLE `pj_pelanggan`
MODIFY `id_pelanggan` mediumint(1) unsigned NOT NULL AUTO_INCREMENT,AUTO_INCREMENT=31;
--
-- AUTO_INCREMENT for table `pj_pengeluaran`
--
ALTER TABLE `pj_pengeluaran`
MODIFY `id_pengeluaran` mediumint(1) unsigned NOT NULL AUTO_INCREMENT,AUTO_INCREMENT=28;
--
-- AUTO_INCREMENT for table `pj_penjualan_detail`
--
ALTER TABLE `pj_penjualan_detail`
MODIFY `id_penjualan_d` int(1) unsigned NOT NULL AUTO_INCREMENT,AUTO_INCREMENT=69;
--
-- AUTO_INCREMENT for table `pj_penjualan_master`
--
ALTER TABLE `pj_penjualan_master`
MODIFY `id_penjualan_m` int(1) unsigned NOT NULL AUTO_INCREMENT,AUTO_INCREMENT=52;
--
-- AUTO_INCREMENT for table `pj_user`
--
ALTER TABLE `pj_user`
MODIFY `id_user` mediumint(1) unsigned NOT NULL AUTO_INCREMENT,AUTO_INCREMENT=8;
/*!40101 SET CHARACTER_SET_CLIENT=@OLD_CHARACTER_SET_CLIENT */;
/*!40101 SET CHARACTER_SET_RESULTS=@OLD_CHARACTER_SET_RESULTS */;
/*!40101 SET COLLATION_CONNECTION=@OLD_COLLATION_CONNECTION */;
